{
    "train": {
        "mse": [
            111.45885467529297,
            11.391460418701172,
            5.326421737670898,
            4.229541301727295,
            3.7733030319213867,
            3.559126377105713,
            3.4854989051818848,
            3.2867660522460938,
            3.2873404026031494,
            3.201566219329834
        ],
        "rmse": [
            10.55740737915039,
            3.3751237392425537,
            2.3079042434692383,
            2.0565848350524902,
            1.9424991607666016,
            1.8865647315979004,
            1.8669490814208984,
            1.8129440546035767,
            1.8131024837493896,
            1.7892920970916748
        ],
        "mae": [
            10.226543426513672,
            2.707179069519043,
            1.8344917297363281,
            1.6292462348937988,
            1.530611276626587,
            1.489248275756836,
            1.4737350940704346,
            1.4315600395202637,
            1.4324791431427002,
            1.414417028427124
        ],
        "r2": [
            -174.5073699951172,
            -16.937427520751953,
            -7.3871870040893555,
            -5.659997463226318,
            -4.941586494445801,
            -4.604336261749268,
            -4.488399505615234,
            -4.175467014312744,
            -4.1763715744018555,
            -4.041308403015137
        ],
        "loss": [
            111.33870784361355,
            11.381488217247856,
            5.324801306933265,
            4.229163581674749,
            3.7724929048557474,
            3.5583226327542907,
            3.4854656638521138,
            3.2876874284712154,
            3.2876406390257555,
            3.2017819215151597
        ]
    },
    "val": {
        "mse": [
            35.455692291259766,
            0.8560909628868103,
            0.6386619210243225,
            0.47125476598739624,
            0.5251392722129822,
            0.3122658431529999,
            0.3918602764606476,
            0.7537512183189392,
            0.29950156807899475,
            0.38199809193611145
        ],
        "rmse": [
            5.954468250274658,
            0.925251841545105,
            0.799163281917572,
            0.6864799857139587,
            0.7246649265289307,
            0.5588074922561646,
            0.6259874701499939,
            0.8681884407997131,
            0.5472673773765564,
            0.6180599331855774
        ],
        "mae": [
            5.861580848693848,
            0.743929922580719,
            0.6015368103981018,
            0.5312723517417908,
            0.5963073968887329,
            0.4084240198135376,
            0.5078442096710205,
            0.7566947340965271,
            0.4260566830635071,
            0.4718645513057709
        ],
        "r2": [
            -54.940547943115234,
            -0.3507053852081299,
            -0.007654786109924316,
            0.25647348165512085,
            0.17145663499832153,
            0.5073196887969971,
            0.3817388415336609,
            -0.18923795223236084,
            0.527458667755127,
            0.39729899168014526
        ],
        "loss": [
            35.418942006429035,
            0.8507995037237803,
            0.6389239501953125,
            0.4728221329053243,
            0.5270901783307393,
            0.3109111358722051,
            0.390921049118042,
            0.753230627377828,
            0.29891262789567313,
            0.3832838412125905
        ]
    }
}